Year,Value (mm)
1974,229.9
1975,267.6
1976,189.8
1977,149.2
1978,116.5
1979,217.0
1980,185.4
1981,203.1
1982,163.0
1984,247.5
1985,162.0
1986,486.5
1987,296.0
1988,392.4
1989,137.5
1990,91.5
1991,178.6
1992,110.0
1993,301.5
1994,229.9
1995,195.6
1996,254.8
1997,90.0
1999,386.4
2000,232.1
2001,251.1
2002,134.5
2003,218.1
2004,144.9
2007,171.5
2008,334.4
2009,156.5
2010,95.0
2011,154.7
2012,149.5
2013,137.6
2014,210.8
2015,88.7
2016,247.0
2017,181.6
2018,246.0
2019,104.4
2020,237.1
2021,92.9
2022,241.3
