filename,gum_params,nor_params,exp_params,gev_params,glo_params,gno_params,gpa_params,pe3_params,kap_params
0551621RF.csv,"{'loc': 3.3332696763567267, 'scale': 11.153772601851001}","{'loc': 9.771401944894652, 'scale': 13.703205902817546}","{'loc': -5.691010118264922, 'scale': 15.462412063159574}","{'c': -0.6351175122835759, 'loc': 1.5252285989982042, 'scale': 3.640927792546786}","{'k': -0.6495673514206887, 'loc': 3.0696375780900427, 'scale': 3.377958701988968}","{'k': -1.5022972259658105, 'loc': 2.424949550964536, 'scale': 5.278483304143388}","{'c': 0.5751217453746262, 'loc': -1.2446254115319153, 'scale': 4.68047047610389}","{'skew': 4.354496758953261, 'loc': 9.771401944894652, 'scale': 21.318042275359776}","{'k': -0.09622972972978246, 'h': 4.5902308757849974, 'loc': -41.298549630762324, 'scale': 25.138407372200447}"
0580041RF.csv,"{'loc': 2.2709986962860524, 'scale': 9.71037771580368}","{'loc': 7.875980825958702, 'scale': 11.929892242173441}","{'loc': -5.585461045804183, 'scale': 13.461441871762885}","{'c': -0.7398182265073927, 'loc': 0.7199166718411991, 'scale': 2.138301463421206}","{'k': -0.7439273630976936, 'loc': 1.6175349221025144, 'scale': 2.074891777536147}","{'k': -1.815746684285245, 'loc': 1.087913084224935, 'scale': 2.935314450682134}","{'c': 0.7063264877644319, 'loc': -0.8313745670405153, 'scale': 2.557119640545396}","{'skew': 5.535503695616524, 'loc': 7.875980825958702, 'scale': 21.804047886297155}","{'k': -0.12093503932805902, 'h': 7.363873905309553, 'loc': -62.13834262653558, 'scale': 27.511174858074213}"
0600011RF.csv,"{'loc': 2.234237508777153, 'scale': 9.408102171501575}","{'loc': 7.66474145916199, 'scale': 11.558525156720167}","{'loc': -5.377657530030442, 'scale': 13.042398989192431}","{'c': -0.7346536741178525, 'loc': 0.7283751961770246, 'scale': 2.1192902229559563}","{'k': -0.739160369388544, 'loc': 1.618699407909979, 'scale': 2.0522048186541095}","{'k': -1.7983279335537774, 'loc': 1.1024669922051515, 'scale': 2.9225802731971937}","{'c': 0.700039587834948, 'loc': -0.8125597236438349, 'scale': 2.542854756841718}","{'skew': 5.463449417609587, 'loc': 7.66474145916199, 'scale': 20.926324796382566}","{'k': -0.14156494201939104, 'h': 7.023638389526405, 'loc': -54.56816459966086, 'scale': 24.304739683354285}"
0600131RF.csv,"{'loc': 3.0604124682023395, 'scale': 11.021954199030523}","{'loc': 9.422457089709985, 'scale': 13.54125758451224}","{'loc': -5.8572158649277295, 'scale': 15.279672954637714}","{'c': -0.6640684862924199, 'loc': 1.2711275188216202, 'scale': 3.2661470528904597}","{'k': -0.6751838155510637, 'loc': 2.654023358059372, 'scale': 3.0698995650784724}","{'k': -1.581719760676307, 'loc': 2.019759552680915, 'scale': 4.695710223661113}","{'c': 0.6122023369213536, 'loc': -1.180090119816123, 'scale': 4.111643030535248}","{'skew': 4.6327148215517555, 'loc': 9.422457089709985, 'scale': 21.903884010493}","{'k': -0.05779509900387675, 'h': 5.432507712216625, 'loc': -54.30601472201198, 'scale': 30.52745498298644}"
0600141RF.csv,"{'loc': 2.8353834425103948, 'scale': 10.367998281285423}","{'loc': 8.81995446414051, 'scale': 12.737826054023627}","{'loc': -5.5531430893061895, 'scale': 14.3730975534467}","{'c': -0.6686395069200761, 'loc': 1.152517918144408, 'scale': 3.023568523683018}","{'k': -0.6792612205025655, 'loc': 2.4322451123184674, 'scale': 2.8476255261890575}","{'k': -1.594699904349598, 'loc': 1.836448513455334, 'scale': 4.339521896292753}","{'c': 0.6180001353196921, 'loc': -1.1118549728095921, 'scale': 3.7939498609455438}","{'skew': 4.679407615640465, 'loc': 8.81995446414051, 'scale': 20.738457997117937}","{'k': -0.015775570173971524, 'h': 5.767589094037432, 'loc': -59.485191110900544, 'scale': 33.4660923898358}"
0600151RF.csv,"{'loc': 2.8383121024846227, 'scale': 10.279386516357944}","{'loc': 8.771735025304025, 'scale': 12.628960174867025}","{'loc': -5.478520538094829, 'scale': 14.250255563398854}","{'c': -0.6602947161554554, 'loc': 1.1694952147930247, 'scale': 3.0861394949418917}","{'k': -0.6718243460988012, 'loc': 2.476544188369666, 'scale': 2.895865314108836}","{'k': -1.5710980245101924, 'loc': 1.88441693929704, 'scale': 4.44281185979122}","{'c': 0.6074041454570319, 'loc': -1.1506883865795299, 'scale': 3.895502298525577}","{'skew': 4.594769709789539, 'loc': 8.771735025304025, 'scale': 20.320461610089268}","{'k': 0.08524963853009958, 'h': 6.053191431572403, 'loc': -75.10145940020881, 'scale': 44.97803465579204}"
0620081RF.csv,"{'loc': 3.123240066926125, 'scale': 11.332446618243571}","{'loc': 9.664505776636716, 'scale': 13.922719687391606}","{'loc': -6.045601067926521, 'scale': 15.710106844563237}","{'c': -0.6655087614671296, 'loc': 1.2836181785036285, 'scale': 3.3413359152032185}","{'k': -0.6764675868748067, 'loc': 2.6981918945433474, 'scale': 3.1425678810494513}","{'k': -1.5857959964590096, 'loc': 2.0463341206967653, 'scale': 4.801277317686638}","{'c': 0.6140308161539735, 'loc': -1.222356204109877, 'scale': 4.2019932333530985}","{'skew': 4.647339585439484, 'loc': 9.664505776636716, 'scale': 22.56679792972282}","{'k': -0.035172274699855136, 'h': 5.5877922696189, 'loc': -60.29912195685998, 'scale': 33.976455262784754}"
0630011RF.csv,"{'loc': 2.077319661216885, 'scale': 8.815307912823357}","{'loc': 7.165653479428963, 'scale': 10.83023509069106}","{'loc': -5.05495817165361, 'scale': 12.220611651082573}","{'c': -0.7350785982021086, 'loc': 0.6665691060274623, 'scale': 1.982083012392691}","{'k': -0.7395521364040537, 'loc': 1.499199943078347, 'scale': 1.9196680068988827}","{'k': -1.7997517337023385, 'loc': 1.0157268427415627, 'scale': 2.7323618432460184}","{'c': 0.7005575651968263, 'loc': -0.7743371999044228, 'scale': 2.377570141334094}","{'skew': 5.469306952025548, 'loc': 7.165653479428963, 'scale': 19.62290900921652}","{'k': -0.06607690661472927, 'h': 7.551961859822359, 'loc': -64.71339118772545, 'scale': 29.913196552340136}"
0630121RF.csv,"{'loc': 3.188499311623942, 'scale': 11.341541475651313}","{'loc': 9.735014715500327, 'scale': 13.933893368993683}","{'loc': -5.987700278602452, 'scale': 15.722714994102779}","{'c': -0.6569260294587476, 'loc': 1.3472788391072843, 'scale': 3.444543688604621}","{'k': -0.6688306587158914, 'loc': 2.806471404155717, 'scale': 3.2273353101831894}","{'k': -1.5616871484568637, 'loc': 2.1526479194933836, 'scale': 4.964339335911529}","{'c': 0.6031121078049559, 'loc': -1.2464203883474934, 'scale': 4.358398631642826}","{'skew': 4.5613457290296, 'loc': 9.735014715500327, 'scale': 22.315780218786575}","{'k': -0.02908085824429975, 'h': 5.412626661562436, 'loc': -58.56352922958445, 'scale': 33.81468180473924}"
0670051RF.csv,"{'loc': 2.079751084531936, 'scale': 8.997534034090732}","{'loc': 7.2732686744937896, 'scale': 11.054112889686552}","{'loc': -5.199962020950493, 'scale': 12.473230695444283}","{'c': -0.7440244238758315, 'loc': 0.6450652820170584, 'scale': 1.9444328060923493}","{'k': -0.7478185359592289, 'loc': 1.4607712939911055, 'scale': 1.8899220663677716}","{'k': -1.830120229343481, 'loc': 0.9725772708954592, 'scale': 2.6587348355394846}","{'c': 0.7114328989509542, 'loc': -0.7630286844785159, 'scale': 2.3190110320467414}","{'skew': 5.595614626543975, 'loc': 7.2732686744937896, 'scale': 20.36272427325337}","{'k': -0.10073888606054042, 'h': 7.6717822273426615, 'loc': -62.97935394465431, 'scale': 27.841507513161805}"
0670181RF.csv,"{'loc': 3.240246079135882, 'scale': 11.420065212821013}","{'loc': 9.832086614173228, 'scale': 14.030365385871322}","{'loc': -5.999485393981965, 'scale': 15.831572008155193}","{'c': -0.6553618532904274, 'loc': 1.3863290399987562, 'scale': 3.4868951846822207}","{'k': -0.6674422613038568, 'loc': 2.8636227159811067, 'scale': 3.2647387020539584}","{'k': -1.5573397417404193, 'loc': 2.2050561849559394, 'scale': 5.027896391503494}","{'c': 0.6011163367826606, 'loc': -1.2411771084553838, 'scale': 4.416943997453773}","{'skew': 4.545966645746091, 'loc': 9.832086614173228, 'scale': 22.422034551205808}","{'k': -0.08200675428516954, 'h': 5.098474285243947, 'loc': -49.667211545422795, 'scale': 28.476282324017987}"
0670211RF.csv,"{'loc': 3.4773829228108415, 'scale': 11.841367059657566}","{'loc': 10.312405483494192, 'scale': 14.547964781207794}","{'loc': -6.1032148992599105, 'scale': 16.415620382754103}","{'c': -0.638543893816354, 'loc': 1.557129542782027, 'scale': 3.822896732919865}","{'k': -0.6525804127956074, 'loc': 3.1784377142268543, 'scale': 3.552322559638014}","{'k': -1.5114584273541805, 'loc': 2.4941032338517592, 'scale': 5.537968871596331}","{'c': 0.5795428960498495, 'loc': -1.3464368107217854, 'scale': 4.902043066437578}","{'skew': 4.385957390681647, 'loc': 10.312405483494192, 'scale': 22.73283921231873}","{'k': -0.05207051430047166, 'h': 4.887339593763217, 'loc': -51.45720531027867, 'scale': 31.081471990254986}"
0670221RF.csv,"{'loc': 3.6936442811814265, 'scale': 12.290660577659017}","{'loc': 10.788006098593934, 'scale': 15.09995394287973}","{'loc': -6.250467354653297, 'scale': 17.03847345324723}","{'c': -0.6301592781945634, 'loc': 1.702649284528329, 'scale': 4.075991551818935}","{'k': -0.6452160581101957, 'loc': 3.4320171638682853, 'scale': 3.7730345426577148}","{'k': -1.489147359365759, 'loc': 2.7215936873464486, 'scale': 5.915360277773309}","{'c': 0.5687083892223459, 'loc': -1.4055059584513288, 'scale': 5.258959456119798}","{'skew': 4.309613715745797, 'loc': 10.788006098593934, 'scale': 23.34254608694511}","{'k': -0.07637988973693816, 'h': 4.593516929643869, 'loc': -47.202987503797175, 'scale': 29.15952157751973}"
0670251RF.csv,"{'loc': 3.7994122397149903, 'scale': 12.732314368471076}","{'loc': 11.148703543647363, 'scale': 15.642557154303747}","{'loc': -6.502032069369852, 'scale': 17.650735613017215}","{'c': -0.6354519188213846, 'loc': 1.735403195709317, 'scale': 4.151749609266795}","{'k': -0.6498611990031284, 'loc': 3.496462835207713, 'scale': 3.8524734846614668}","{'k': -1.5031886505079908, 'loc': 2.7605420653974733, 'scale': 6.018609200855308}","{'c': 0.5755536269251852, 'loc': -1.4225596193850567, 'scale': 5.335827054518135}","{'skew': 4.357551054338011, 'loc': 11.148703543647363, 'scale': 24.345573572049517}","{'k': -0.10960842020961839, 'h': 4.526421177265117, 'loc': -45.20682082814823, 'scale': 27.49706121486971}"
0670281RF.csv,"{'loc': 3.2875816809351868, 'scale': 11.911204939773322}","{'loc': 10.162915760024868, 'scale': 14.633765602616299}","{'loc': -6.349520482126275, 'scale': 16.512436242151143}","{'c': -0.6709265734290312, 'loc': 1.354456842319843, 'scale': 3.445619862805817}","{'k': -0.6813046924533627, 'loc': 2.8125445027291063, 'scale': 3.248375692205646}","{'k': -1.6012423640356168, 'loc': 2.128599533218811, 'scale': 4.940814453568174}","{'c': 0.6208952381122586, 'loc': -1.2232739659343146, 'scale': 4.316558744868404}","{'skew': 4.703078799503047, 'loc': 10.162915760024868, 'scale': 23.90361374907596}","{'k': -0.14152383605668092, 'h': 5.126042325875111, 'loc': -46.75236128460592, 'scale': 25.40556190362457}"
0680071RF.csv,"{'loc': 4.222167664442416, 'scale': 13.913291567648919}","{'loc': 12.253137507631777, 'scale': 17.09347195278019}","{'loc': -7.034780137216842, 'scale': 19.28791764484862}","{'c': -0.6230081385738808, 'loc': 1.9709896667254014, 'scale': 4.718843914619374}","{'k': -0.6389586569148686, 'loc': 3.9737232532388553, 'scale': 4.353755410395589}","{'k': -1.4703991408583008, 'loc': 3.169750308644792, 'scale': 6.8573034995858}","{'c': 0.5594259299197384, 'loc': -1.6396995048744571, 'scale': 6.120823747561574}","{'skew': 4.2461721139242705, 'loc': 12.253137507631777, 'scale': 26.188094448566044}","{'k': -0.039870874863463926, 'h': 4.63386854291246, 'loc': -57.63932575480102, 'scale': 36.41033192213179}"
0680081RF.csv,"{'loc': 3.418460940147366, 'scale': 12.021905781906412}","{'loc': 10.357693279434057, 'scale': 14.769769490046572}","{'loc': -6.30820691593741, 'scale': 16.665900195371467}","{'c': -0.651891890393851, 'loc': 1.4670468621738806, 'scale': 3.7139289846980996}","{'k': -0.6643659899804949, 'loc': 3.0408935613527524, 'scale': 3.471917209493642}","{'k': -1.5477452845531527, 'loc': 2.3471703108890107, 'scale': 5.360986188277581}","{'c': 0.5966824460004274, 'loc': -1.3360818692507852, 'scale': 4.716304789988559}","{'skew': 4.5121615894098035, 'loc': 10.357693279434057, 'scale': 23.49227823731133}","{'k': -0.03241241835179143, 'h': 5.278942184679012, 'loc': -59.75574942754747, 'scale': 34.93394077626505}"
0690051RF.csv,"{'loc': 3.1047809733236935, 'scale': 11.850439788986213}","{'loc': 9.945040455498951, 'scale': 14.559111276884991}","{'loc': -6.483157400763421, 'scale': 16.428197856262372}","{'c': -0.6907603258933468, 'loc': 1.1855638353424123, 'scale': 3.188284611585034}","{'k': -0.6991209041310193, 'loc': 2.5322850495825078, 'scale': 3.0316866666447813}","{'k': -1.6593893537991382, 'loc': 1.8579256047897559, 'scale': 4.53038419868057}","{'c': 0.6458414523210646, 'loc': -1.1781518195102763, 'scale': 3.9393736216708213}","{'skew': 4.917619826641384, 'loc': 9.945040455498951, 'scale': 24.495101758144624}","{'k': -0.10099703774953875, 'h': 5.880738788790707, 'loc': -59.62539159422913, 'scale': 30.718637774691423}"
0700011RF.csv,"{'loc': 2.3429813362139296, 'scale': 9.845403104478622}","{'loc': 8.025902235389173, 'scale': 12.09578057154584}","{'loc': -5.622724571301806, 'scale': 13.648626806690979}","{'c': -0.731310625568751, 'loc': 0.7651626226755388, 'scale': 2.25012091239629}","{'k': -0.7360809739476848, 'loc': 1.7109072715388578, 'scale': 2.175965759879824}","{'k': -1.7871837586324517, 'loc': 1.1686867698014858, 'scale': 3.1118073456957007}","{'c': 0.6959600041555803, 'loc': -0.8732753867504979, 'scale': 2.705705927254098}","{'skew': 5.417797439076293, 'loc': 8.025902235389173, 'scale': 21.767507309077683}","{'k': -0.09213360186367454, 'h': 7.237938304252926, 'loc': -65.22344632050253, 'scale': 30.032582328118032}"
0700131RF.csv,"{'loc': 2.744149246919907, 'scale': 10.733491160991441}","{'loc': 8.939688484126307, 'scale': 13.186860149070009}","{'loc': -5.9400897874863166, 'scale': 14.879778271612624}","{'c': -0.7051774636610143, 'loc': 1.010645079975264, 'scale': 2.7317427095998896}","{'k': -0.7121789123721912, 'loc': 2.1627121958055655, 'scale': 2.6134695336179155}","{'k': -1.70335824653316, 'loc': 1.557551049875511, 'scale': 3.8499081259410235}","{'c': 0.6637955466592703, 'loc': -1.0015245114993991, 'scale': 3.3422800807380986}","{'skew': 5.085063822677778, 'loc': 8.939688484126307, 'scale': 22.69783664658059}","{'k': -0.1747038678679951, 'h': 5.8268184919460495, 'loc': -46.40547662108464, 'scale': 22.473677593848173}"
